{"cameraMode":{"drawMode":0,"name":"Shaded","section":"Shading Mode"},"sceneLighting":true,"audioPlay":false,"sceneViewState":{"m_AlwaysRefresh":false,"showFog":true,"showSkybox":true,"showFlares":true,"showImageEffects":true,"showParticleSystems":true,"showVisualEffectGraphs":true,"m_FxEnabled":true},"in2DMode":false,"pivot":{"x":1.0322232246398926,"y":3.118199348449707,"z":-3.5429773330688478},"rotation":{"x":-0.0521811880171299,"y":0.9419119954109192,"z":-0.28242263197898867,"w":-0.17402665317058564},"size":10.914002418518067,"orthographic":false}